N_PER_SIDE,N_PART,CALCTIME
10,100,5.545762777328491
10,100,6.827832221984863
